Row_id,Row_id,Age,Income,Credit_Score,Risk,Gender,Education_level,PIN_CODE,Loan_Amount,Mortgage_rate,Home_Owner,Beta_target,Date,Time,Day_Date_Time
1,1,25,31505,40,1,0,1,411007,17920.54061,14.45,1,0.91,31-03-1938,12:04:24,Fri Dec 31 17:41:00 1976
2,2,30,57004,312,2,1,2,411005,19254.33933,8.75,1,0.636,30-06-1938,13:04:24,Sat Jan 01 18:27:00 1976
3,3,22,64654,437,4,0,0,411003,39578.44899,14.06,0,0.116,30-09-1938,14:04:24,Sun Jan 02 19:11:00 1976
4,4,27,27194,490,0,1,3,411002,11347.84875,14.61,1,0.767,31-12-1938,15:04:24,Mon Jan 03 20:31:00 1976
5,5,28,69061,308,2,0,1,411001,11834.95405,14.02,0,0.558,31-03-1939,16:04:24,Tue Jan 04 21:44:00 1976
6,6,40,41966,487,1,0,2,411008,17362.50972,13.83,0,0.127,30-06-1939,17:04:24,Wed Jan 05 22:24:00 1976
7,7,32,32205,109,3,0,1,411020,16667.79867,10.17,1,0.362,30-09-1939,18:04:24,Thu Jan 06 23:32:00 1976
8,8,27,46524,452,1,1,2,411027,20987.89996,7.02,1,0.78,31-12-1939,19:04:24,Fri Jan 07 00:05:00 1976
9,9,38,56261,59,2,0,0,411026,23569.92606,7.39,1,0.119,31-03-1940,20:04:24,Sat Jan 08 01:56:00 1976
10,10,29,74395,463,4,1,3,411007,15277.34092,10.44,0,0.842,30-06-1940,21:04:24,Sun Jan 09 02:32:00 1976
11,11,26,26642,202,0,0,1,411005,40503.86772,9.58,0,0.16,30-09-1940,22:04:24,Mon Jan 10 03:58:00 1977
12,12,33,86906,217,2,0,2,411003,48202.68871,13.62,0,0.391,31-12-1940,23:04:24,Tue Jan 11 04:43:00 1977
13,13,31,11137,247,1,0,1,411002,44357.44923,8.09,1,0.218,31-03-1941,00:04:24,Wed Jan 12 05:26:00 1977
14,14,23,34361,165,3,1,2,411001,41948.96017,11.46,1,0.256,30-06-1941,01:04:24,Thu Jan 13 06:34:00 1977
15,15,36,75633,292,1,0,0,411008,38964.60077,11.22,1,0.264,30-09-1941,02:04:24,Fri Jan 14 07:43:00 1977
16,16,34,63166,315,2,1,3,411020,30877.95779,7.87,1,0.638,31-12-1941,03:04:24,Sat Jan 15 08:05:00 1977
17,17,42,24037,471,4,0,1,411027,13303.80977,11.37,0,0.966,31-03-1942,04:04:24,Sun Jan 16 09:10:00 1977
18,18,37,12530,390,0,0,2,411026,21129.202,14.34,1,0.815,30-06-1942,05:04:24,Mon Jan 17 10:50:00 1977
19,19,24,48809,318,2,0,1,411200,42570.15274,12.01,0,0.155,30-09-1942,06:04:24,Tue Jan 18 11:15:00 1977
20,20,39,43790,256,1,1,2,422101,35349.17335,8.74,0,0.931,31-12-1942,07:04:24,Wed Jan 19 12:25:00 1977
21,21,31,78328,387,3,0,0,422100,31549.40507,11.41,0,0.317,31-03-1943,08:04:24,Thu Jan 20 13:42:00 1978
22,22,28,30060,436,1,1,3,422001,27071.20898,11.52,1,0.275,30-06-1943,09:04:24,Fri Jan 21 14:54:00 1978
23,23,44,41960,101,2,0,1,422010,44808.28801,8.44,1,0.941,30-09-1943,10:04:24,Sat Jan 22 15:10:00 1978
24,24,35,70073,379,4,0,2,422001,40859.38567,11.58,1,0.26,31-12-1943,11:04:24,Sun Jan 23 16:30:00 1978
25,25,30,81506,45,1,0,1,411007,29332.22111,12.21,0,0.908,31-03-1944,12:04:24,Mon Jan 24 17:24:00 1978
26,26,27,88703,492,2,1,2,411005,26048.75538,13.17,1,0.104,30-06-1944,13:04:24,Tue Jan 25 18:10:00 1978
27,27,26,25466,94,4,0,0,411003,31834.38462,7.23,0,0.599,30-09-1944,14:04:24,Wed Jan 26 19:31:00 1978
28,28,33,61556,101,0,1,3,411002,49486.73954,12.53,1,0.292,31-12-1944,15:04:24,Thu Jan 27 17:41:00 1978
29,29,29,12106,373,2,0,1,411001,15503.9192,9.98,1,0.662,31-03-1945,16:04:24,Fri Jan 28 18:27:00 1978
30,30,38,71555,163,1,0,2,411008,16299.3868,7.92,1,0.529,30-06-1945,17:04:24,Sat Jan 29 19:11:00 1978
31,31,31,31937,278,3,0,1,411020,28694.76147,14.1,1,0.691,30-09-1945,18:04:24,Sun Jan 30 20:31:00 1979
32,32,40,17673,77,1,1,2,411027,22589.62777,7.19,0,0.654,31-12-1945,19:04:24,Mon Jan 31 21:44:00 1979
33,33,34,10690,118,2,0,0,411026,35086.22371,10.58,0,0.387,31-03-1946,20:04:24,Tue Feb 01 22:24:00 1979
34,34,25,71326,63,4,1,3,411007,34019.99063,10.8,1,0.852,30-06-1946,21:04:24,Wed Feb 02 23:32:00 1979
35,35,37,67520,402,0,0,1,411005,14578.15025,13.75,0,0.593,30-09-1946,22:04:24,Thu Feb 03 00:05:00 1979
36,36,29,44928,119,2,0,2,411003,22813.32592,9.38,1,0.461,31-12-1946,23:04:24,Fri Feb 04 01:56:00 1979
37,37,23,64227,160,1,0,1,411002,35623.34428,7.24,1,0.929,31-03-1947,00:04:24,Sat Feb 05 02:32:00 1979
38,38,36,41886,146,3,1,2,411001,16428.86727,14.96,1,0.842,30-06-1947,01:04:24,Sun Feb 06 03:58:00 1979
39,39,33,86122,129,1,0,0,411008,16856.77339,14.85,0,0.212,30-09-1947,02:04:24,Mon Feb 07 04:43:00 1979
40,40,41,31479,405,2,1,3,411020,49229.19605,14.6,1,0.995,31-12-1947,03:04:24,Tue Feb 08 05:26:00 1979
41,41,28,10833,396,4,0,1,411027,44511.40146,9.19,0,0.843,31-03-1948,04:04:24,Wed Feb 09 06:34:00 1980
42,42,30,62461,23,0,0,2,411026,32907.30027,14.05,0,0.182,30-06-1948,05:04:24,Thu Feb 10 07:43:00 1980
43,43,39,10921,53,2,0,1,411200,33095.92543,13.13,0,0.475,30-09-1948,06:04:24,Fri Feb 11 08:05:00 1980
44,44,27,43926,229,1,1,2,422101,12186.20895,14.37,1,0.506,31-12-1948,07:04:24,Sat Feb 12 09:10:00 1980
45,45,35,21065,395,3,0,0,422100,18224.35943,11.11,0,0.253,31-03-1949,08:04:24,Sun Feb 13 10:50:00 1980
46,46,24,59365,254,1,1,3,422001,11703.87635,10.67,1,0.56,30-06-1949,09:04:24,Mon Feb 14 11:15:00 1980
47,47,31,82847,295,2,0,1,422010,19542.01198,7.06,0,0.962,30-09-1949,10:04:24,Tue Feb 15 12:25:00 1980
48,48,37,73955,460,4,0,2,422001,48745.60703,12.67,0,0.872,31-12-1949,11:04:24,Wed Feb 16 13:42:00 1980
49,49,26,64162,46,1,0,1,411007,38970.00916,13.06,1,0.297,31-03-1950,12:04:24,Thu Feb 17 14:54:00 1980
50,50,30,26674,28,2,0,1,411005,10347.22844,12.33,0,0.185,30-06-1950,13:04:24,Fri Feb 18 15:10:00 1980
51,51,23,15085,41,0,0,1,411003,34820.34061,9.27,0,0.836,30-09-1950,12:04:24,Sat Feb 19 16:30:00 1981
52,52,26,63069,124,2,1,2,411002,44483.77631,14.44,1,0.17,31-12-1950,13:04:24,Sun Feb 20 17:24:00 1981
53,53,34,46789,313,1,0,0,411001,29295.1108,10.85,1,0.785,31-03-1951,14:04:24,Mon Feb 21 18:10:00 1981
54,54,33,15813,268,3,1,3,411008,17691.42775,7.17,1,0.168,30-06-1951,15:04:24,Tue Feb 22 19:31:00 1981
55,55,40,36078,264,1,0,1,411020,39908.45443,8.87,1,0.682,30-09-1951,16:04:24,Wed Feb 23 17:41:00 1981
56,56,38,81395,221,2,0,2,411027,11431.99906,14.38,0,0.441,31-12-1951,17:04:24,Thu Feb 24 18:27:00 1981
57,57,39,14053,451,4,0,1,411026,23815.04146,7.01,1,0.674,31-03-1952,18:04:24,Fri Feb 25 19:11:00 1981
58,58,32,34658,109,0,1,2,411007,30708.31011,7.8,0,0.181,30-06-1952,19:04:24,Sat Feb 26 20:31:00 1981
59,59,45,70159,192,2,0,0,411005,13506.3561,12.78,0,0.77,30-09-1952,20:04:24,Sun Feb 27 21:44:00 1981
60,60,42,49129,362,1,1,3,411003,20494.08532,9.92,0,0.892,31-12-1952,21:04:24,Mon Feb 28 22:24:00 1981
61,61,43,88557,71,3,0,1,411002,26212.56992,12.43,1,0.479,31-03-1953,22:04:24,Tue Mar 01 23:32:00 1982
62,62,44,62041,221,1,0,2,411001,17544.51699,11.2,0,0.638,30-06-1953,23:04:24,Wed Mar 02 00:05:00 1982
63,63,21,60170,391,2,0,1,411008,46231.32023,14.68,0,0.974,30-09-1953,00:04:24,Thu Mar 03 01:56:00 1982
64,64,25,62706,286,4,1,2,411020,44455.87957,12.79,1,0.964,31-12-1953,01:04:24,Fri Mar 04 02:32:00 1982
65,65,26,38915,443,0,0,0,411027,36365.74186,9.71,1,0.61,31-03-1954,02:04:24,Sat Mar 05 03:58:00 1982
66,66,27,62704,437,2,1,3,411026,31382.73916,15.0,1,0.871,30-06-1954,03:04:24,Sun Mar 06 04:43:00 1982
67,67,29,63618,498,1,0,1,411200,17558.47063,11.99,1,0.82,30-09-1954,04:04:24,Mon Mar 07 05:26:00 1982
68,68,34,27575,473,3,0,2,422101,19846.46337,7.22,1,0.601,31-12-1954,05:04:24,Tue Mar 08 06:34:00 1982
69,69,45,43929,476,1,0,1,422100,19787.87802,14.14,1,0.838,31-03-1955,06:04:24,Wed Mar 09 07:43:00 1982
70,70,36,72129,301,2,1,2,422001,19804.4084,7.09,0,0.109,30-06-1955,07:04:24,Thu Mar 10 08:05:00 1982
71,71,57,82187,262,4,0,0,422010,34978.92821,11.7,0,0.282,30-09-1955,08:04:24,Fri Mar 11 09:10:00 1983
72,72,35,10711,379,1,1,3,422001,17125.53381,11.42,1,0.275,31-12-1955,09:04:24,Sat Mar 12 10:50:00 1983
73,73,78,15926,321,2,0,1,411007,37341.87225,10.1,0,0.995,31-03-1956,10:04:24,Sun Mar 13 11:15:00 1983
74,74,46,14870,305,4,0,2,411005,30018.85125,11.91,1,0.652,30-06-1956,11:04:24,Mon Mar 14 12:25:00 1983
75,75,34,23929,499,0,0,1,411003,43805.74742,8.21,0,0.274,30-09-1956,12:04:24,Tue Mar 15 13:42:00 1983
76,76,46,58506,304,2,1,2,411002,21508.75161,11.87,1,0.973,31-12-1956,13:04:24,Wed Mar 16 14:54:00 1983
77,77,23,57004,239,1,0,0,411001,39435.14765,7.71,0,0.752,31-03-1957,14:04:24,Thu Mar 17 15:10:00 1983
78,78,64,62538,440,3,1,3,411008,36569.03684,9.25,1,0.705,30-06-1957,15:04:24,Fri Mar 18 16:30:00 1983
79,79,23,18569,395,1,0,1,411020,22367.90368,7.96,0,0.308,30-09-1957,16:04:24,Sat Mar 19 17:24:00 1983
80,80,53,46407,377,2,0,2,411027,14743.04516,14.8,1,0.897,31-12-1957,17:04:24,Sun Mar 20 18:10:00 1983
81,81,76,18620,297,4,0,1,411026,19532.6927,10.07,0,0.182,31-03-1958,18:04:24,Mon Mar 21 19:31:00 1984
82,82,32,66971,471,0,1,2,411007,49430.81485,10.82,0,0.138,30-06-1958,19:04:24,Tue Mar 22 17:41:00 1984
83,83,22,40201,394,2,0,0,411005,24829.32533,8.77,0,0.629,30-09-1958,20:04:24,Wed Mar 23 18:27:00 1984
84,84,23,62560,338,1,1,3,411003,20074.08414,9.86,1,0.59,31-12-1958,21:04:24,Thu Mar 24 19:11:00 1984
85,85,27,16447,240,3,0,1,411002,42599.30131,10.17,1,0.991,31-03-1959,22:04:24,Fri Mar 25 20:31:00 1984
86,86,57,49313,116,1,0,2,411001,48160.6979,9.68,0,0.5,30-06-1959,23:04:24,Sat Mar 26 21:44:00 1984
87,87,43,57504,394,2,0,1,411008,21136.04857,7.66,0,0.897,30-09-1959,00:04:24,Sun Mar 27 22:24:00 1984
88,88,31,39897,458,4,1,2,411020,37006.21528,13.02,0,0.655,31-12-1959,01:04:24,Mon Mar 28 23:32:00 1984
89,89,32,84211,67,0,0,0,411027,40573.2437,7.07,1,0.868,31-03-1960,02:04:24,Tue Mar 29 00:05:00 1984
90,90,33,71974,446,2,1,3,411026,17004.92662,13.88,0,0.775,30-06-1960,03:04:24,Wed Mar 30 01:56:00 1984
91,91,35,26715,164,1,0,1,411200,29670.57766,13.85,1,0.982,30-09-1960,04:04:24,Thu Mar 31 02:32:00 1985
92,92,46,33248,434,3,0,2,422101,29546.38657,14.54,0,0.161,31-12-1960,05:04:24,Fri Apr 01 03:58:00 1985
93,93,75,42426,459,1,0,1,422100,29494.00972,13.09,1,0.139,31-03-1961,06:04:24,Sat Apr 02 04:43:00 1985
94,94,34,50060,80,2,1,2,422001,42893.55041,7.28,1,0.996,30-06-1961,07:04:24,Sun Apr 03 05:26:00 1985
95,95,55,64404,460,4,0,0,422010,37563.85909,11.67,1,0.725,30-09-1961,08:04:24,Mon Apr 04 06:34:00 1985
96,96,50,27317,41,1,1,3,422001,38421.88361,9.09,1,0.249,31-12-1961,09:04:24,Tue Apr 05 07:43:00 1985
97,97,23,69776,416,2,0,1,411007,38995.45551,13.41,0,0.226,31-03-1962,10:04:24,Wed Apr 06 08:05:00 1985
98,98,24,17574,80,4,0,2,411005,38420.12854,11.12,0,0.786,30-06-1962,12:04:24,Thu Apr 07 09:10:00 1985
99,99,35,75666,331,0,0,1,411003,30477.23204,13.68,1,0.326,30-09-1962,13:04:24,Fri Apr 08 10:50:00 1985
100,100,35,39620,140,2,0,1,411002,27516.74329,11.95,1,0.307,31-12-1962,14:04:24,Sat Apr 09 11:15:00 1985
101,101,43,48773,493,3,0,1,411001,14618.75782,10.34,1,0.644,31-03-1963,15:04:24,Sun Apr 10 12:25:00 1986
102,102,32,61402,232,1,1,2,411008,30417.52975,7.47,0,0.345,30-06-1963,16:04:24,Mon Apr 11 13:42:00 1986
103,103,38,38857,130,2,0,0,411020,26102.29278,7.81,1,0.659,30-09-1963,17:04:24,Tue Apr 12 14:54:00 1986
104,104,37,21863,212,4,1,3,411027,45346.66394,11.95,0,0.202,31-12-1963,18:04:24,Wed Apr 13 15:10:00 1986
105,105,39,48915,403,0,0,1,411026,17021.56539,8.3,1,0.217,31-03-1964,19:04:24,Thu Apr 14 16:30:00 1986
106,106,27,30407,421,2,0,2,411007,12323.99792,8.17,0,0.719,30-06-1964,20:04:24,Fri Apr 15 17:24:00 1986
107,107,28,66156,15,1,0,1,411005,34809.56384,12.27,0,0.133,30-09-1964,21:04:24,Sat Apr 16 18:10:00 1986
108,108,29,40440,283,3,1,2,411003,40238.6432,8.26,1,0.421,31-12-1964,22:04:24,Sun Apr 17 19:31:00 1986
109,109,46,87337,8,1,0,0,411002,14182.3017,12.2,0,0.347,31-03-1965,23:04:24,Mon Apr 18 17:41:00 1986
110,110,36,87343,237,2,1,3,411001,48561.13351,10.61,1,0.243,30-06-1965,00:04:24,Tue Apr 19 18:27:00 1986
111,111,26,83583,440,4,0,1,411008,34022.63003,14.43,0,0.715,30-09-1965,01:04:24,Wed Apr 20 19:11:00 1987
112,112,25,87816,169,0,0,2,411020,10275.81545,10.26,0,0.67,31-12-1965,02:04:24,Thu Apr 21 20:31:00 1987
113,113,35,30899,339,2,0,1,411027,29958.70188,7.88,0,0.753,31-03-1966,03:04:24,Fri Apr 22 21:44:00 1987
114,114,25,41502,96,1,1,2,411026,26535.77552,7.47,1,0.46,30-06-1966,04:04:24,Sat Apr 23 22:24:00 1987
115,115,30,46743,399,3,0,0,411200,35461.86939,11.85,0,0.501,30-09-1966,05:04:24,Sun Apr 24 23:32:00 1987
116,116,22,21132,397,1,1,3,422101,14354.6914,13.09,0,0.549,31-12-1966,06:04:24,Mon Apr 25 00:05:00 1987
117,117,27,25297,140,2,0,1,422100,48965.9449,7.78,1,0.769,31-03-1967,07:04:24,Tue Apr 26 01:56:00 1987
118,118,28,62271,206,4,0,2,422001,15971.96521,11.59,0,0.107,30-06-1967,08:04:24,Wed Apr 27 02:32:00 1987
119,119,40,78516,177,1,0,1,422010,48663.73842,11.77,1,0.859,30-09-1967,09:04:24,Thu Apr 28 03:58:00 1987
120,120,32,44372,239,2,1,2,422001,14280.0617,13.26,1,0.953,31-12-1967,10:04:24,Fri Apr 29 04:43:00 1987
121,121,27,60452,269,4,0,0,411007,12527.54643,11.15,0,0.406,31-03-1968,11:04:24,Sat Apr 30 05:26:00 1988
122,122,38,40212,312,0,1,3,411005,46053.95768,8.15,1,0.767,30-06-1968,12:04:24,Sun May 01 06:34:00 1988
123,123,29,46798,458,2,0,1,411003,40104.42715,9.62,1,0.135,30-09-1968,13:04:24,Mon May 02 07:43:00 1988
124,124,26,47469,68,1,0,2,411002,34715.9885,7.77,0,0.254,31-12-1968,14:04:24,Tue May 03 08:05:00 1988
125,125,33,33603,383,3,0,1,411001,35619.76071,12.85,0,0.554,31-03-1969,15:04:24,Wed May 04 09:10:00 1988
126,126,31,17662,370,1,1,2,411008,39894.03393,8.07,0,0.887,30-06-1969,16:04:24,Thu May 05 10:50:00 1988
127,127,23,54491,92,2,0,0,411020,36385.14261,7.5,1,0.6,30-09-1969,17:04:24,Fri May 06 11:15:00 1988
128,128,36,26989,43,4,1,3,411027,15641.85363,9.2,1,0.927,31-12-1969,18:04:24,Sat May 07 12:25:00 1988
129,129,34,12963,290,0,0,1,411026,17936.13338,13.29,0,0.877,31-03-1970,19:04:24,Sun May 08 13:42:00 1988
130,130,42,24312,145,2,0,2,411007,21397.11596,10.6,0,0.687,30-06-1970,20:04:24,Mon May 09 14:54:00 1988
131,131,37,29784,263,1,0,1,411005,18036.86668,7.75,1,0.9,30-09-1970,21:04:24,Tue May 10 15:10:00 1989
132,132,24,78031,455,3,1,2,411003,38479.66506,13.59,1,0.462,31-12-1970,22:04:24,Wed May 11 16:30:00 1989
133,133,39,60768,294,1,0,0,411002,41175.86731,7.87,1,0.828,31-03-1971,23:04:24,Thu May 12 17:24:00 1989
134,134,31,28327,439,2,1,3,411001,47693.11134,7.23,0,0.924,30-06-1971,00:04:24,Fri May 13 18:10:00 1989
135,135,28,27633,329,4,0,1,411008,25606.94685,14.41,1,0.78,30-09-1971,01:04:24,Sat May 14 19:31:00 1989
136,136,44,43323,424,0,0,2,411020,36342.48886,11.56,0,0.367,31-12-1971,02:04:24,Sun May 15 17:41:00 1989
137,137,35,17930,219,2,0,1,411027,12388.47812,12.49,1,0.541,31-03-1972,03:04:24,Mon May 16 18:27:00 1989
138,138,30,80524,238,1,1,2,411026,31680.51774,14.14,0,0.21,30-06-1972,04:04:24,Tue May 17 19:11:00 1989
139,139,27,42790,345,3,0,0,411200,18109.45171,13.29,1,0.9,30-09-1972,05:04:24,Wed May 18 20:31:00 1989
140,140,26,20550,334,1,1,3,422101,35275.88652,11.58,0,0.244,31-12-1972,06:04:24,Thu May 19 21:44:00 1989
141,141,33,22151,3,2,0,1,422100,18816.71168,14.09,1,0.385,31-03-1973,07:04:24,Fri May 20 22:24:00 1990
142,142,29,57125,494,4,0,2,422001,14363.10652,13.61,0,0.609,30-06-1973,08:04:24,Sat May 21 23:32:00 1990
143,143,38,63321,250,1,0,1,422010,46731.91352,10.95,0,0.102,30-09-1973,09:04:24,Sun May 22 00:05:00 1990
144,144,31,18952,342,2,1,2,422001,47881.34899,14.86,0,0.453,31-12-1973,10:04:24,Mon May 23 01:56:00 1990
145,145,40,17573,276,4,0,0,411007,49069.07618,10.28,0,0.404,31-03-1974,11:04:24,Tue May 24 02:32:00 1990
146,146,34,84575,392,0,1,3,411005,28736.82784,12.9,0,0.337,30-06-1974,12:04:24,Wed May 25 03:58:00 1990
147,147,25,27774,413,2,0,1,411003,14248.27222,13.89,0,0.294,30-09-1974,13:04:24,Thu May 26 04:43:00 1990
148,148,37,40762,247,1,0,2,411002,17961.23927,8.7,0,0.749,31-12-1974,12:04:24,Fri May 27 05:26:00 1990
149,149,29,49286,189,3,0,1,411001,46648.86694,11.78,1,0.119,31-03-1975,13:04:24,Sat May 28 06:34:00 1990
150,150,23,39838,206,1,0,1,411008,11023.68413,7.54,1,0.923,30-06-1975,14:04:24,Sun May 29 07:43:00 1990
151,151,36,20816,291,4,0,1,411020,12477.61094,10.53,1,0.349,30-09-1975,15:04:24,Mon May 30 08:05:00 1991
152,152,33,28757,494,0,1,2,411027,42331.65277,14.23,1,0.744,31-12-1975,16:04:24,Tue May 31 09:10:00 1991
153,153,41,48184,294,2,0,0,411026,47368.85102,9.83,1,0.987,31-03-1976,17:04:24,Wed Jun 01 10:50:00 1991
154,154,28,43550,324,1,1,3,411007,39213.32444,14.97,1,0.483,30-06-1976,18:04:24,Thu Jun 02 11:15:00 1991
155,155,30,88372,100,3,0,1,411005,46607.18839,8.47,1,0.827,30-09-1976,19:04:24,Fri Jun 03 12:25:00 1991
156,156,39,80845,18,1,0,2,411003,38386.88421,12.24,1,0.983,31-12-1976,20:04:24,Sat Jun 04 13:42:00 1991
157,157,27,38056,144,2,0,1,411002,25203.38063,10.82,0,0.571,31-03-1977,21:04:24,Sun Jun 05 14:54:00 1991
158,158,35,15465,284,4,1,2,411001,17705.17684,10.56,1,0.23,30-06-1977,22:04:24,Mon Jun 06 15:10:00 1991
159,159,24,53380,21,0,0,0,411008,11357.00375,7.98,0,0.752,30-09-1977,23:04:24,Tue Jun 07 16:30:00 1991
160,160,31,65999,469,2,1,3,411020,33501.9741,7.04,0,0.738,31-12-1977,00:04:24,Wed Jun 08 17:24:00 1991
161,161,37,34887,226,1,0,1,411027,45644.93982,10.41,1,0.256,31-03-1978,01:04:24,Thu Jun 09 18:10:00 1992
162,162,26,27528,164,3,0,2,411026,25316.24009,8.27,0,0.702,30-06-1978,02:04:24,Fri Jun 10 19:31:00 1992
163,163,30,48696,466,1,0,1,411200,34812.20052,8.71,0,0.583,30-09-1978,03:04:24,Sat Jun 11 17:41:00 1992
164,164,23,37612,410,2,1,2,422101,32063.8337,14.05,1,0.604,31-12-1978,04:04:24,Sun Jun 12 18:27:00 1992
165,165,26,89399,438,4,0,0,422100,25864.815,12.59,1,0.782,31-03-1979,05:04:24,Mon Jun 13 19:11:00 1992
166,166,34,13469,165,1,1,3,422001,43058.27446,12.83,1,0.357,30-06-1979,06:04:24,Tue Jun 14 20:31:00 1992
167,167,33,48290,10,2,0,1,422010,38674.56477,13.42,1,0.893,30-09-1979,07:04:24,Wed Jun 15 21:44:00 1992
168,168,40,72521,175,4,0,2,422001,49705.11636,12.94,0,0.121,31-12-1979,08:04:24,Thu Jun 16 22:24:00 1992
169,169,38,78617,57,0,0,1,411007,23223.20288,7.78,1,0.698,31-03-1980,09:04:24,Fri Jun 17 23:32:00 1992
170,170,39,53469,193,2,1,2,411005,38068.7315,10.5,1,0.595,30-06-1980,10:04:24,Sat Jun 18 00:05:00 1992
171,171,32,23871,211,1,0,0,411003,32097.14469,10.87,0,0.787,30-09-1980,11:04:24,Sun Jun 19 01:56:00 1993
172,172,45,44477,85,3,1,3,411002,20406.55877,8.93,1,0.931,31-12-1980,12:04:24,Mon Jun 20 02:32:00 1993
173,173,42,77558,133,1,0,1,411001,25155.94565,9.77,1,0.796,31-03-1981,13:04:24,Tue Jun 21 03:58:00 1993
174,174,43,63447,290,2,0,2,411008,48805.38481,11.58,1,0.757,30-06-1981,14:04:24,Wed Jun 22 04:43:00 1993
175,175,44,42153,132,4,0,1,411020,14801.79211,14.95,1,0.863,30-09-1981,15:04:24,Thu Jun 23 05:26:00 1993
176,176,21,70344,452,0,1,2,411027,37736.90458,11.79,0,0.88,31-12-1981,16:04:24,Fri Jun 24 06:34:00 1993
177,177,25,12243,469,2,0,0,411026,41643.49786,11.77,1,0.358,31-03-1982,17:04:24,Sat Jun 25 07:43:00 1993
178,178,26,31541,449,1,1,3,411007,49570.275,10.64,0,0.603,30-06-1982,18:04:24,Sun Jun 26 08:05:00 1993
179,179,27,11215,472,3,0,1,411005,46779.64557,11.92,1,0.744,30-09-1982,19:04:24,Mon Jun 27 09:10:00 1993
180,180,29,56121,11,1,0,2,411003,26409.88288,12.95,0,0.981,31-12-1982,20:04:24,Tue Jun 28 10:50:00 1993
181,181,34,21916,355,2,0,1,411002,23928.79536,14.51,1,0.592,31-03-1983,21:04:24,Wed Jun 29 11:15:00 1994
182,182,45,61169,459,4,1,2,411001,27614.11185,13.05,0,0.125,30-06-1983,22:04:24,Thu Jun 30 12:25:00 1994
183,183,36,22584,328,0,0,0,411008,38472.5932,13.3,0,0.701,30-09-1983,23:04:24,Fri Jul 01 13:42:00 1994
184,184,47,23902,334,2,1,3,411020,11943.75105,14.33,1,0.21,31-12-1983,00:04:24,Sat Jul 02 14:54:00 1994
185,185,48,67191,466,1,0,1,411027,13828.19379,9.1,0,0.999,31-03-1984,01:04:24,Sun Jul 03 15:10:00 1994
186,186,49,14435,73,3,0,2,411026,45794.52205,9.66,1,0.816,30-06-1984,02:04:24,Mon Jul 04 16:30:00 1994
187,187,46,35915,248,1,0,1,411200,11277.68603,13.53,1,0.589,30-09-1984,03:04:24,Tue Jul 05 17:24:00 1994
188,188,34,11650,433,2,1,2,422101,35780.25112,7.66,0,0.687,31-12-1984,04:04:24,Wed Jul 06 18:10:00 1994
189,189,46,28612,67,4,0,0,422100,19340.82024,9.97,0,0.245,31-03-1985,05:04:24,Thu Jul 07 19:31:00 1994
190,190,23,38823,363,1,1,3,422001,18946.77699,7.36,0,0.973,30-06-1985,06:04:24,Fri Jul 08 17:41:00 1994
191,191,64,19419,323,2,0,1,422010,30020.91213,8.19,1,0.138,30-09-1985,07:04:24,Sat Jul 09 18:27:00 1995
192,192,23,15077,311,4,0,2,422001,33350.68485,8.52,1,0.29,31-12-1985,08:04:24,Sun Jul 10 19:11:00 1995
193,193,53,32194,410,0,0,1,422101,11589.13956,14.02,1,0.55,31-03-1986,09:04:24,Mon Jul 11 20:31:00 1995
194,194,76,45233,108,2,1,2,422101,23130.5822,10.03,0,0.815,30-06-1986,10:04:24,Tue Jul 12 21:44:00 1995
195,195,32,28719,50,1,0,0,422101,12369.3916,12.79,0,0.337,30-09-1986,12:04:24,Wed Jul 13 22:24:00 1995
196,196,42,968333,329,0,1,2,411004,13611.23927,13.4,0,0.586,31-12-1986,13:04:24,Thu Jul 14 23:32:00 1995
197,197,52,973048,56,2,0,0,411001,39233.389,8.68,1,0.555,31-03-1987,14:04:24,Fri Jul 15 00:05:00 1995
198,198,54,977762,255,1,1,3,422101,16347.65566,12.84,1,0.999,30-06-1987,15:04:24,Sat Jul 16 01:56:00 1995
199,199,57,32874,410,1,0,1,411007,12671.55525,14.5,0,0.911,30-09-1987,12:04:24,Sun Jul 17 02:32:00 1995
200,200,29,52792,446,1,1,1,411005,17989.31977,8.84,0,0.871,31-12-1987,13:04:24,Mon Jul 18 03:58:00 1995
201,201,36,80584,315,2,0,2,411003,15383.04216,7.79,0,0.18,31-03-1988,14:04:24,Tue Jul 19 04:43:00 1996
202,202,51,86295,233,4,1,0,411002,24008.388,11.78,0,0.87,30-06-1988,15:04:24,Wed Jul 20 05:26:00 1996
203,203,56,88519,347,0,0,3,411001,19391.08952,11.12,0,0.449,30-09-1988,16:04:24,Thu Jul 21 06:34:00 1996
204,204,62,45964,454,2,0,1,411008,45054.85429,10.64,1,0.504,31-12-1988,17:04:24,Fri Jul 22 07:43:00 1996
205,205,24,31783,272,1,0,2,411020,16879.59666,13.48,0,0.444,31-03-1989,18:04:24,Sat Jul 23 08:05:00 1996
206,206,61,95081,441,3,1,1,411027,49626.95229,7.03,1,0.316,30-06-1989,19:04:24,Sun Jul 24 09:10:00 1996
207,207,26,48154,55,1,0,2,411026,20288.00579,7.83,0,0.305,30-09-1989,20:04:24,Mon Jul 25 10:50:00 1996
208,208,64,93658,379,2,1,0,411007,30683.44034,13.77,1,0.198,31-12-1989,21:04:24,Tue Jul 26 11:15:00 1996
209,209,45,75789,239,4,0,3,411005,10298.55804,13.01,1,0.468,31-03-1990,22:04:24,Wed Jul 27 12:25:00 1996
210,210,64,31286,486,0,0,1,411003,25076.1299,7.12,0,0.877,30-06-1990,23:04:24,Thu Jul 28 13:42:00 1996
211,211,24,79035,466,2,0,2,411002,31702.58415,11.64,0,0.159,30-09-1990,00:04:24,Fri Jul 29 14:54:00 1997
212,212,54,31401,475,1,1,1,411001,32895.60305,12.98,0,0.24,31-12-1990,01:04:24,Sat Jul 30 15:10:00 1997
213,213,64,83981,300,3,0,2,411008,37205.22409,8.14,1,0.775,31-03-1991,02:04:24,Sun Jul 31 16:30:00 1997
214,214,26,44641,335,1,1,0,411020,28012.85185,9.05,1,0.526,30-06-1991,03:04:24,Mon Aug 01 17:24:00 1997
215,215,54,98895,158,2,0,3,411027,22911.84202,14.54,1,0.84,30-09-1991,04:04:24,Tue Aug 02 18:10:00 1997
216,216,64,87826,194,4,0,1,411026,48387.5091,10.8,0,0.901,31-12-1991,05:04:24,Wed Aug 03 19:31:00 1997
217,217,26,34490,269,0,0,2,411200,46564.98287,12.08,0,0.722,31-03-1992,06:04:24,Thu Aug 04 17:41:00 1997
218,218,38,40939,246,2,1,1,422101,16797.6973,13.83,1,0.396,30-06-1992,07:04:24,Fri Aug 05 18:27:00 1997
219,219,37,64426,158,1,0,2,422100,37506.20756,11.67,1,0.932,30-09-1992,08:04:24,Sat Aug 06 19:11:00 1997
220,220,32,38636,83,3,1,0,422001,34051.10976,10.8,1,0.835,31-12-1992,09:04:24,Sun Aug 07 20:31:00 1997
221,221,35,69337,250,1,0,3,422010,27305.93795,9.73,1,0.245,31-03-1993,10:04:24,Mon Aug 08 21:44:00 1998
222,222,42,96081,429,2,0,1,422001,19031.34585,7.57,1,0.201,30-06-1993,11:04:24,Tue Aug 09 22:24:00 1998
223,223,44,46216,453,4,0,2,411007,48587.70339,10.11,1,0.781,30-09-1993,12:04:24,Wed Aug 10 23:32:00 1998
224,224,28,98010,357,1,1,1,411005,45154.61384,14.01,0,0.83,31-12-1993,13:04:24,Thu Aug 11 00:05:00 1998
225,225,52,68825,435,2,0,2,411003,49295.32106,10.07,1,0.381,31-03-1994,14:04:24,Fri Aug 12 01:56:00 1998
226,226,36,34611,182,4,1,0,411002,30256.81292,9.83,1,0.632,30-06-1994,15:04:24,Sat Aug 13 02:32:00 1998
227,227,29,37801,494,0,0,3,411001,27814.79119,12.07,1,0.413,30-09-1994,16:04:24,Sun Aug 14 03:58:00 1998
228,228,60,45299,324,2,0,1,411008,38177.34193,10.0,1,0.306,31-12-1994,17:04:24,Mon Aug 15 04:43:00 1998
229,229,27,64152,454,1,0,2,411020,40689.19987,9.28,1,0.663,31-03-1995,18:04:24,Tue Aug 16 05:26:00 1998
230,230,34,65651,306,3,1,1,411027,18593.97241,8.95,0,0.797,30-06-1995,19:04:24,Wed Aug 17 06:34:00 1998
231,231,52,82386,324,1,0,2,411026,16365.66108,13.33,1,0.662,30-09-1995,20:04:24,Thu Aug 18 07:43:00 1999
232,232,46,86196,125,2,1,0,411007,17869.78547,8.46,1,0.614,31-12-1995,21:04:24,Fri Aug 19 08:05:00 1999
233,233,25,62638,162,4,0,3,411005,38285.68546,9.71,0,0.914,31-03-1996,22:04:24,Sat Aug 20 09:10:00 1999
234,234,65,94149,228,0,0,1,411003,48334.05303,13.16,0,0.858,30-06-1996,23:04:24,Sun Aug 21 10:50:00 1999
235,235,26,35181,66,2,0,2,411002,21275.55823,13.81,1,0.355,30-09-1996,00:04:24,Mon Aug 22 11:15:00 1999
236,236,60,83411,302,1,1,1,411001,30863.00213,10.4,1,0.496,31-12-1996,01:04:24,Tue Aug 23 12:25:00 1999
237,237,26,71680,492,3,0,2,411008,41176.87717,10.01,1,0.725,31-03-1997,02:04:24,Wed Aug 24 13:42:00 1999
238,238,47,57411,275,1,1,0,411020,41298.98783,9.99,1,0.139,30-06-1997,03:04:24,Thu Aug 25 14:54:00 1999
239,239,23,46664,344,2,0,3,411027,40623.68878,11.55,1,0.285,30-09-1997,04:04:24,Fri Aug 26 15:10:00 1999
240,240,29,80627,397,4,0,1,411026,29197.82289,7.86,0,0.956,31-12-1997,05:04:24,Sat Aug 27 16:30:00 1999
241,241,55,50470,493,0,0,2,411200,39793.53016,12.4,1,0.342,31-03-1998,06:04:24,Sun Aug 28 17:24:00 2000
242,242,57,65438,381,2,1,1,422101,12686.65403,10.45,1,0.795,30-06-1998,07:04:24,Mon Aug 29 18:10:00 2000
243,243,65,64616,97,1,0,2,422100,40908.30199,11.36,1,0.189,30-09-1998,08:04:24,Tue Aug 30 19:31:00 2000
244,244,31,81287,153,3,1,0,422001,35922.85379,14.76,1,0.409,31-12-1998,09:04:24,Wed Aug 31 17:41:00 2000
245,245,31,59383,64,1,0,3,422010,25300.57384,13.08,1,0.744,31-03-1999,10:04:24,Thu Sep 01 18:27:00 2000
246,246,25,93876,305,2,0,1,422001,28163.63706,13.21,1,0.301,30-06-1999,11:04:24,Fri Sep 02 19:11:00 2000
247,247,31,50170,180,4,0,2,411007,45528.95952,7.98,1,0.909,30-09-1999,12:04:24,Sat Sep 03 20:31:00 2000
248,248,64,52789,198,1,0,1,411005,33079.1663,10.66,0,0.287,31-12-1999,13:04:24,Sun Sep 04 21:44:00 2000
249,249,23,77023,235,2,0,1,411003,48563.07451,11.23,0,0.834,31-03-2000,12:04:24,Mon Sep 05 22:24:00 2000
250,250,60,63536,454,0,1,1,411002,38122.92705,10.2,1,0.53,30-06-2000,13:04:24,Tue Sep 06 23:32:00 2000
251,251,56,73051,176,2,0,2,411001,43950.93154,12.01,0,0.781,30-09-2000,14:04:24,Wed Sep 07 00:05:00 2001
252,252,36,69009,90,1,1,0,411008,32279.22074,12.49,0,0.568,31-12-2000,15:04:24,Thu Sep 08 01:56:00 2001
253,253,26,88351,481,3,0,3,411020,33363.49777,12.93,0,0.508,31-03-2001,16:04:24,Fri Sep 09 02:32:00 2001
254,254,29,30909,154,1,0,1,411027,44622.51735,12.23,0,0.423,30-06-2001,17:04:24,Sat Sep 10 03:58:00 2001
255,255,30,45028,148,2,0,2,411026,29765.40579,12.27,1,0.189,30-09-2001,18:04:24,Sun Sep 11 04:43:00 2001
256,256,44,92598,326,4,1,1,411007,32950.63507,7.4,1,0.847,31-12-2001,19:04:24,Mon Sep 12 05:26:00 2001
257,257,25,77290,167,0,0,2,411005,11108.02357,8.22,1,0.866,31-03-2002,20:04:24,Tue Sep 13 06:34:00 2001
258,258,41,44575,169,2,1,0,411003,40819.47106,14.49,1,0.651,30-06-2002,21:04:24,Wed Sep 14 07:43:00 2001
259,259,55,95810,267,1,0,3,411002,25850.67523,7.26,1,0.517,30-09-2002,22:04:24,Thu Sep 15 08:05:00 2001
260,260,47,47329,339,3,0,1,411001,30940.47388,11.27,0,0.73,31-12-2002,23:04:24,Fri Sep 16 09:10:00 2001
261,261,36,61739,409,1,0,2,411008,34013.72296,10.19,0,0.986,31-03-2003,00:04:24,Sat Sep 17 10:50:00 2002
262,262,58,72061,341,2,1,1,411020,33750.32656,14.56,0,0.499,30-06-2003,01:04:24,Sun Sep 18 11:15:00 2002
263,263,44,67162,205,4,0,2,411027,26540.60411,14.12,0,0.739,30-09-2003,02:04:24,Mon Sep 19 12:25:00 2002
264,264,54,92423,464,0,1,0,411026,43109.53654,8.58,1,0.12,31-12-2003,03:04:24,Tue Sep 20 13:42:00 2002
265,265,45,58096,441,2,0,3,411200,11266.9874,13.41,1,0.746,31-03-2004,04:04:24,Wed Sep 21 14:54:00 2002
266,266,55,41096,227,1,0,1,422101,42901.43374,9.06,1,0.61,30-06-2004,05:04:24,Thu Sep 22 15:10:00 2002
267,267,33,36922,477,3,0,2,422100,41146.93381,9.0,0,0.516,30-09-2004,06:04:24,Fri Sep 23 16:30:00 2002
268,268,58,79597,455,1,1,1,422001,21734.89046,9.9,0,0.803,31-12-2004,07:04:24,Sat Sep 24 17:24:00 2002
269,269,33,53415,370,2,0,2,422010,37316.76576,7.88,0,0.894,31-03-2005,08:04:24,Sun Sep 25 18:10:00 2002
270,270,32,82549,326,4,1,0,422001,24404.25686,14.05,1,0.982,30-06-2005,09:04:24,Mon Sep 26 19:31:00 2002
271,271,37,52052,290,1,0,3,411007,32598.73724,13.13,0,0.345,30-09-2005,10:04:24,Tue Sep 27 17:41:00 2003
272,272,28,77884,311,2,0,1,411005,13497.14188,7.29,1,0.89,31-12-2005,11:04:24,Wed Sep 28 18:27:00 2003
273,273,31,49063,391,4,0,2,411003,19131.80213,13.06,0,0.715,31-03-2006,12:04:24,Thu Sep 29 19:11:00 2003
274,274,53,84052,261,0,1,1,411002,30370.69638,13.32,1,0.23,30-06-2006,13:04:24,Fri Sep 30 20:31:00 2003
275,275,58,45533,482,2,0,2,411001,10497.67353,12.05,0,0.445,30-09-2006,14:04:24,Sat Oct 01 21:44:00 2003
276,276,22,66675,67,1,1,0,411008,26868.4027,10.01,0,0.284,31-12-2006,15:04:24,Sun Oct 02 22:24:00 2003
277,277,54,56447,307,3,0,3,411020,47817.66597,9.7,1,0.464,31-03-2007,16:04:24,Mon Oct 03 23:32:00 2003
278,278,52,76026,177,1,0,1,411027,28234.5587,14.95,0,0.409,30-06-2007,17:04:24,Tue Oct 04 00:05:00 2003
279,279,23,62581,322,2,0,2,411026,26893.10684,11.09,1,0.188,30-09-2007,18:04:24,Wed Oct 05 01:56:00 2003
280,280,25,83021,183,4,1,1,411007,32059.66947,10.16,0,0.594,31-12-2007,19:04:24,Thu Oct 06 02:32:00 2003
281,281,38,62550,57,0,0,2,411005,38092.07929,10.62,1,0.677,31-03-2008,20:04:24,Fri Oct 07 03:58:00 2004
282,282,45,33280,499,2,1,0,411003,13845.42142,10.02,0,0.403,30-06-2008,21:04:24,Sat Oct 08 04:43:00 2004
283,283,33,88273,145,1,0,3,411002,36444.33671,13.71,1,0.902,30-09-2008,22:04:24,Sun Oct 09 05:26:00 2004
284,284,53,32776,424,3,0,1,411001,35096.25201,11.48,0,0.811,31-12-2008,23:04:24,Mon Oct 10 06:34:00 2004
285,285,30,68867,388,1,0,2,411008,26763.53237,11.18,0,0.966,31-03-2009,00:04:24,Tue Oct 11 07:43:00 2004
286,286,29,58848,488,2,1,1,411020,30263.96223,9.85,1,0.585,30-06-2009,01:04:24,Wed Oct 12 08:05:00 2004
287,287,39,87754,484,4,0,2,411027,30525.7361,8.85,1,0.378,30-09-2009,02:04:24,Thu Oct 13 09:10:00 2004
288,288,65,81191,242,0,1,0,411026,38038.56296,9.44,1,0.339,31-12-2009,03:04:24,Fri Oct 14 10:50:00 2004
289,289,57,66156,341,2,0,3,411200,14340.1124,13.85,0,0.196,31-03-2010,04:04:24,Sat Oct 15 11:15:00 2004
290,290,30,84788,110,1,0,1,422101,42148.02949,14.29,0,0.594,30-06-2010,05:04:24,Sun Oct 16 12:25:00 2004
291,291,42,36280,434,3,0,2,422100,12961.26107,7.13,1,0.346,30-09-2010,06:04:24,Mon Oct 17 13:42:00 2005
292,292,49,58539,136,1,1,1,422001,30853.18574,13.69,1,0.655,31-12-2010,07:04:24,Tue Oct 18 14:54:00 2005
293,293,35,37803,313,2,0,2,422010,34092.50495,13.82,0,0.706,31-03-2011,08:04:24,Wed Oct 19 15:10:00 2005
294,294,53,47678,74,4,1,0,422001,32942.5493,8.34,0,0.376,30-06-2011,09:04:24,Thu Oct 20 16:30:00 2005
295,295,34,88440,156,1,0,3,411007,21754.60904,9.68,0,0.464,30-09-2011,10:04:24,Fri Oct 21 17:24:00 2005
296,296,51,45058,309,2,0,1,411005,25167.07668,7.65,0,0.632,31-12-2011,12:04:24,Sat Oct 22 18:10:00 2005
297,297,39,76232,256,4,0,2,411003,12729.2038,13.29,0,0.904,31-03-2012,13:04:24,Sun Oct 23 19:31:00 2005
298,298,36,32999,430,0,0,1,411002,16961.62839,7.94,0,0.965,30-06-2012,14:04:24,Mon Oct 24 17:41:00 2005
299,299,60,89904,492,2,0,1,411001,36323.99645,9.9,1,0.57,30-09-2012,15:04:24,Tue Oct 25 18:27:00 2005
300,300,38,44921,241,3,1,1,411008,17989.69508,13.76,0,0.319,31-12-2012,16:04:24,Wed Oct 26 19:11:00 2005
301,301,44,94729,257,1,0,2,411020,36456.0797,7.83,0,0.556,31-03-2013,17:04:24,Thu Oct 27 20:31:00 2006
302,302,51,83534,65,2,1,0,411027,13798.45125,9.7,0,0.333,30-06-2013,18:04:24,Fri Oct 28 21:44:00 2006
303,303,54,83253,384,4,0,3,411026,28780.14018,8.95,0,0.135,30-09-2013,19:04:24,Sat Oct 29 22:24:00 2006
304,304,25,79853,288,0,0,1,411007,31435.80021,14.25,0,0.956,31-12-2013,20:04:24,Sun Oct 30 23:32:00 2006
305,305,63,39216,341,2,0,2,411005,26320.87566,7.35,0,0.585,31-03-2014,21:04:24,Mon Oct 31 00:05:00 2006
306,306,32,34075,359,1,1,1,411003,49982.91203,12.94,1,0.718,30-06-2014,22:04:24,Tue Nov 01 01:56:00 2006
307,307,31,31810,79,3,0,2,411002,34325.64676,14.95,0,0.679,30-09-2014,23:04:24,Wed Nov 02 02:32:00 2006
308,308,23,35483,81,1,1,0,411001,39776.02823,7.74,0,0.59,31-12-2014,00:04:24,Thu Nov 03 03:58:00 2006
309,309,59,97287,279,2,0,3,411008,46960.67163,7.08,0,0.383,31-03-2015,01:04:24,Fri Nov 04 04:43:00 2006
310,310,53,84672,392,4,0,1,411020,19516.53158,12.33,1,0.911,30-06-2015,02:04:24,Sat Nov 05 05:26:00 2006
311,311,39,59502,98,0,0,2,411027,32893.43888,8.39,1,0.279,30-09-2015,03:04:24,Sun Nov 06 06:34:00 2007
312,312,23,88343,257,2,1,1,411026,26392.50115,8.72,1,0.178,31-12-2015,04:04:24,Mon Nov 07 07:43:00 2007
313,313,44,71371,96,1,0,2,411200,34308.80872,13.83,1,0.22,31-03-2016,05:04:24,Tue Nov 08 08:05:00 2007
314,314,34,77420,335,3,1,0,422101,32029.45745,8.02,1,0.282,30-06-2016,06:04:24,Wed Nov 09 09:10:00 2007
315,315,50,72885,131,1,0,3,422100,35518.55445,10.44,0,0.741,30-09-2016,07:04:24,Thu Nov 10 10:50:00 2007
316,316,30,93489,175,2,0,1,422001,44920.66705,14.47,1,0.283,31-12-2016,08:04:24,Fri Nov 11 11:15:00 2007
317,317,33,78613,153,4,0,2,422010,23388.82534,14.07,0,0.889,31-03-2017,09:04:24,Sat Nov 12 12:25:00 2007
318,318,34,91007,406,1,1,1,422001,20841.7498,13.08,1,0.425,30-06-2017,10:04:24,Sun Nov 13 13:42:00 2007
319,319,34,50409,263,2,0,2,411007,14051.59458,14.16,1,0.852,30-09-2017,11:04:24,Mon Nov 14 14:54:00 2007
320,320,52,58062,294,4,1,0,411005,11404.03241,13.17,1,0.807,31-12-2017,12:04:24,Tue Nov 15 15:10:00 2007
321,321,34,74397,99,0,0,3,411003,18050.84709,13.87,0,0.614,31-03-2018,13:04:24,Wed Nov 16 16:30:00 2008
322,322,49,61740,288,2,0,1,411002,33395.12867,12.71,1,0.798,30-06-2018,14:04:24,Thu Nov 17 17:24:00 2008
323,323,33,32163,104,1,0,2,411001,37470.90371,11.75,1,0.679,30-09-2018,15:04:24,Fri Nov 18 18:10:00 2008
324,324,57,54758,283,3,1,1,411008,29305.17886,14.89,1,0.406,31-12-2018,16:04:24,Sat Nov 19 19:31:00 2008
325,325,32,56711,457,1,0,2,411020,36410.84919,11.86,0,0.601,31-03-2019,17:04:24,Sun Nov 20 17:41:00 2008
326,326,43,73260,488,2,1,0,411027,30247.74522,7.98,1,0.25,30-06-2019,18:04:24,Mon Nov 21 18:27:00 2008
327,327,56,81163,286,4,0,3,411026,40601.71977,11.64,1,0.667,30-09-2019,19:04:24,Tue Nov 22 19:11:00 2008
328,328,45,59575,152,0,0,1,411007,13864.26771,9.51,1,0.79,31-12-2019,20:04:24,Wed Nov 23 20:31:00 2008
329,329,27,76105,439,2,0,2,411005,22234.24577,14.1,1,0.189,31-03-2020,21:04:24,Thu Nov 24 21:44:00 2008
330,330,30,89152,409,1,1,1,411003,34295.47717,13.24,1,0.145,30-06-2020,22:04:24,Fri Nov 25 22:24:00 2008
331,331,50,70321,213,3,0,2,411002,38767.10303,10.46,1,0.801,30-09-2020,23:04:24,Sat Nov 26 23:32:00 2009
332,332,46,39674,237,1,1,0,411001,37681.35908,13.89,1,0.922,31-12-2020,00:04:24,Sun Nov 27 00:05:00 2009
333,333,28,83117,430,2,0,3,411008,21878.80067,12.8,1,0.257,31-03-2021,01:04:24,Mon Nov 28 01:56:00 2009
334,334,52,73537,497,4,0,1,411020,31442.70488,14.62,1,0.501,30-06-2021,02:04:24,Tue Nov 29 02:32:00 2009
335,335,27,35163,159,0,0,2,411027,10457.2493,14.78,1,0.718,30-09-2021,03:04:24,Wed Nov 30 03:58:00 2009
336,336,24,64537,75,2,1,1,411026,25252.99838,12.22,1,0.994,31-12-2021,04:04:24,Thu Dec 01 04:43:00 2009
337,337,40,38886,499,1,0,2,411200,30783.4139,12.29,0,0.698,31-03-2022,05:04:24,Fri Dec 02 05:26:00 2009
338,338,56,97369,319,3,1,0,422101,48645.2698,7.85,1,0.895,30-06-2022,06:04:24,Sat Dec 03 06:34:00 2009
339,339,26,58861,122,1,0,3,422100,37127.44878,14.02,1,0.249,30-09-2022,07:04:24,Sun Dec 04 07:43:00 2009
340,340,42,71185,426,2,0,1,422001,47800.64553,7.93,0,0.671,31-12-2022,08:04:24,Mon Dec 05 08:05:00 2009
341,341,61,50326,475,4,0,2,422010,49407.94511,9.39,1,0.468,31-03-2023,09:04:24,Tue Dec 06 09:10:00 2010
342,342,64,88437,105,1,1,1,422001,46097.52679,10.05,1,0.859,30-06-2023,10:04:24,Wed Dec 07 10:50:00 2010
343,343,33,49047,414,2,0,2,411007,48583.36314,10.16,0,0.364,30-09-2023,11:04:24,Thu Dec 08 11:15:00 2010
344,344,49,41794,191,4,1,0,411005,15670.77482,13.23,0,0.23,31-12-2023,12:04:24,Fri Dec 09 12:25:00 2010
345,345,31,94405,464,0,0,3,411003,11435.6231,9.32,0,0.195,31-03-2024,13:04:24,Sat Dec 10 13:42:00 2010
346,346,51,58061,376,2,0,1,411002,11187.73664,8.08,1,0.692,30-06-2024,12:04:24,Sun Dec 11 14:54:00 2010
347,347,43,91134,224,1,0,2,411001,33152.01606,12.15,0,0.353,30-09-2024,13:04:24,Mon Dec 12 15:10:00 2010
348,348,54,62993,95,3,0,1,411008,45720.371,13.95,1,0.857,31-12-2024,14:04:24,Tue Dec 13 16:30:00 2010
349,349,46,51429,339,1,0,1,411020,19379.48747,8.68,0,0.868,31-03-2025,15:04:24,Wed Dec 14 17:24:00 2010
350,350,52,35067,266,4,1,1,411027,25934.38012,14.36,1,0.459,30-06-2025,16:04:24,Thu Dec 15 18:10:00 2010
351,351,53,67168,311,0,0,2,411026,11684.20818,7.03,0,0.174,30-09-2025,17:04:24,Fri Dec 16 19:31:00 2011
352,352,36,87584,171,2,1,0,411007,43158.32855,14.25,0,0.771,31-12-2025,18:04:24,Sat Dec 17 17:41:00 2011
353,353,35,77784,432,1,0,3,411005,32598.39719,8.6,1,0.523,31-03-2026,19:04:24,Sun Dec 18 18:27:00 2011
354,354,59,63879,448,3,0,1,411003,15974.75037,7.85,1,0.36,30-06-2026,20:04:24,Mon Dec 19 19:11:00 2011
355,355,48,33491,327,1,0,2,411002,44680.78622,11.9,1,0.256,30-09-2026,21:04:24,Tue Dec 20 20:31:00 2011
356,356,27,33759,171,2,1,1,411001,42826.95529,7.77,0,0.167,31-12-2026,22:04:24,Wed Dec 21 21:44:00 2011
357,357,62,58561,189,4,0,2,411008,27940.0895,14.73,1,0.573,31-03-2027,23:04:24,Thu Dec 22 22:24:00 2011
358,358,28,99662,267,0,1,0,411020,41030.93782,10.1,1,0.461,30-06-2027,00:04:24,Fri Dec 23 23:32:00 2011
359,359,58,58440,418,2,0,3,411027,49751.95844,11.5,1,0.378,30-09-2027,01:04:24,Sat Dec 24 00:05:00 2011
360,360,37,39149,190,1,0,1,411026,31725.9879,9.55,0,0.223,31-12-2027,02:04:24,Sun Dec 25 01:56:00 2011
361,361,43,32233,311,3,0,2,411200,45555.34458,8.39,0,0.919,31-03-2028,03:04:24,Mon Dec 26 02:32:00 2012
362,362,24,86053,345,1,1,1,422101,30584.17407,10.36,0,0.664,30-06-2028,04:04:24,Tue Dec 27 03:58:00 2012
363,363,63,92126,441,2,0,2,422100,43257.87103,13.1,1,0.247,30-09-2028,05:04:24,Wed Dec 28 04:43:00 2012
364,364,59,92203,164,4,1,0,422001,22667.28072,12.26,1,0.595,31-12-2028,06:04:24,Thu Dec 29 05:26:00 2012
365,365,63,80412,94,1,0,3,422010,48654.62442,13.5,0,0.689,31-03-2029,07:04:24,Fri Dec 30 06:34:00 2012
366,366,43,94269,190,2,0,1,422001,40842.84397,8.62,1,0.874,30-06-2029,08:04:24,Sat Dec 31 07:43:00 2012
367,367,40,77564,188,4,0,2,411007,49501.2534,13.52,0,0.241,30-09-2029,09:04:24,Sun Jan 01 08:05:00 2012
368,368,27,89994,174,0,1,1,411005,37658.23671,11.62,0,0.217,31-12-2029,10:04:24,Mon Jan 02 09:10:00 2012
369,369,64,96491,165,2,0,2,411003,37634.01281,10.91,1,0.423,31-03-2030,11:04:24,Tue Jan 03 10:50:00 2012
370,370,54,36776,110,1,1,0,411002,28086.59649,12.0,1,0.135,30-06-2030,12:04:24,Wed Jan 04 11:15:00 2012
371,371,51,80001,469,3,0,3,411001,42606.00273,13.2,0,0.221,30-09-2030,13:04:24,Thu Jan 05 12:25:00 2013
372,372,47,30022,195,1,0,1,411008,18820.97125,11.62,1,0.562,31-12-2030,14:04:24,Fri Jan 06 13:42:00 2013
373,373,31,82878,112,2,0,2,411020,14061.70778,14.18,1,0.714,31-03-2031,15:04:24,Sat Jan 07 14:54:00 2013
374,374,53,99058,169,4,1,1,411027,48743.25596,9.63,1,0.691,30-06-2031,16:04:24,Sun Jan 08 15:10:00 2013
375,375,55,79155,357,0,0,2,411026,13319.65136,12.29,0,0.732,30-09-2031,17:04:24,Mon Jan 09 16:30:00 2013
376,376,50,43464,438,2,1,0,411007,32381.37876,12.66,1,0.543,31-12-2031,18:04:24,Tue Jan 10 17:24:00 2013
377,377,41,77589,304,1,0,3,411005,35436.26816,8.56,1,0.999,31-03-2032,19:04:24,Wed Jan 11 18:10:00 2013
378,378,30,76212,79,3,0,1,411003,14133.8027,7.37,0,0.133,30-06-2032,20:04:24,Thu Jan 12 19:31:00 2013
379,379,54,34933,59,1,0,2,411002,18118.33198,10.27,0,0.409,30-09-2032,21:04:24,Fri Jan 13 17:41:00 2013
380,380,42,43964,144,2,1,1,411001,23696.62517,12.93,0,0.807,31-12-2032,22:04:24,Sat Jan 14 18:27:00 2013
381,381,42,97534,169,4,0,2,411008,27506.98857,7.89,1,0.839,31-03-2033,23:04:24,Sun Jan 15 19:11:00 2014
382,382,32,97965,377,0,1,0,411020,44620.34708,11.95,0,0.17,30-06-2033,00:04:24,Mon Jan 16 20:31:00 2014
383,383,27,48457,375,2,0,3,411027,10164.15405,10.35,1,0.703,30-09-2033,01:04:24,Tue Jan 17 21:44:00 2014
384,384,47,30068,457,1,0,1,411026,49136.96667,9.82,1,0.88,31-12-2033,02:04:24,Wed Jan 18 22:24:00 2014
385,385,39,34928,105,3,0,2,411200,44548.32638,9.58,0,0.158,31-03-2034,03:04:24,Thu Jan 19 23:32:00 2014
386,386,45,69597,70,1,1,1,422101,37756.21973,11.74,0,0.692,30-06-2034,04:04:24,Fri Jan 20 00:05:00 2014
387,387,35,68747,336,2,0,2,422100,16737.0122,11.54,1,0.926,30-09-2034,05:04:24,Sat Jan 21 01:56:00 2014
388,388,41,46550,80,4,1,0,422001,38439.559,9.71,0,0.73,31-12-2034,06:04:24,Sun Jan 22 02:32:00 2014
389,389,60,76834,111,1,0,3,422010,44779.84777,7.8,0,0.37,31-03-2035,07:04:24,Mon Jan 23 03:58:00 2014
390,390,45,92688,421,2,0,1,422001,27376.87916,13.18,1,0.944,30-06-2035,08:04:24,Tue Jan 24 04:43:00 2014
391,391,60,39342,142,4,0,2,422101,47894.34961,9.21,1,0.506,30-09-2035,09:04:24,Wed Jan 25 05:26:00 2015
392,392,25,92477,167,0,1,1,422101,17321.22091,10.09,1,0.873,31-12-2035,10:04:24,Thu Jan 26 06:34:00 2015
393,393,57,50264,242,2,0,2,422101,26025.50666,10.61,1,0.297,31-03-2036,12:04:24,Fri Jan 27 07:43:00 2015
394,394,62,33739,358,1,1,0,411004,26106.36721,11.14,0,0.566,30-06-2036,13:04:24,Sat Jan 28 08:05:00 2015
395,395,59,99645,165,0,0,2,411001,38870.92507,9.77,1,0.698,30-09-2036,14:04:24,Sun Jan 29 09:10:00 2015
396,396,52,36588,126,2,1,0,422101,23572.21601,10.23,0,0.248,31-12-2036,15:04:24,Mon Jan 30 10:50:00 2015
397,397,50,42346,420,1,0,3,411007,15562.12632,10.08,1,0.591,31-03-2037,12:04:24,Tue Jan 31 11:15:00 2015
398,398,24,45562,198,1,1,1,411005,18780.66752,10.6,1,0.109,30-06-2037,13:04:24,Wed Feb 01 12:25:00 2015
399,399,45,74808,338,1,0,1,411003,29726.85268,13.43,0,0.947,30-09-2037,14:04:24,Thu Feb 02 13:42:00 2015
400,400,22,58998,481,2,1,2,411002,11790.81607,7.67,0,0.273,31-12-2037,15:04:24,Fri Feb 03 14:54:00 2015
401,401,37,82970,269,4,0,0,411001,33912.45103,9.48,0,0.912,31-03-2038,16:04:24,Sat Feb 04 15:10:00 2016
402,402,36,79078,397,0,0,3,411008,15704.40726,14.26,0,0.105,30-06-2038,17:04:24,Sun Feb 05 16:30:00 2016
403,403,57,83896,177,2,0,1,411020,17076.07229,10.68,0,0.764,30-09-2038,18:04:24,Mon Feb 06 17:24:00 2016
404,404,35,35230,76,1,1,2,411027,29135.27315,14.79,1,0.193,31-12-2038,19:04:24,Tue Feb 07 18:10:00 2016
405,405,64,52166,135,3,0,1,411026,30222.59246,13.09,0,0.982,31-03-2039,20:04:24,Wed Feb 08 19:31:00 2016
406,406,47,86792,196,1,1,2,411007,49471.80228,7.53,0,0.459,30-06-2039,21:04:24,Thu Feb 09 17:41:00 2016
407,407,42,30474,188,2,0,0,411005,42162.67169,11.57,1,0.741,30-09-2039,22:04:24,Fri Feb 10 18:27:00 2016
408,408,49,69926,341,4,0,3,411003,13743.15477,9.27,1,0.246,31-12-2039,23:04:24,Sat Feb 11 19:11:00 2016
409,409,37,99414,60,0,0,1,411002,17949.24503,7.22,0,0.412,31-03-2040,00:04:24,Sun Feb 12 20:31:00 2016
410,410,33,54450,230,2,1,2,411001,33152.19752,13.09,1,0.51,30-06-2040,01:04:24,Mon Feb 13 21:44:00 2016
411,411,44,34590,414,1,0,1,411008,25885.41493,10.27,1,0.504,30-09-2040,02:04:24,Tue Feb 14 22:24:00 2017
412,412,42,61007,193,3,1,2,411020,19323.58425,12.47,0,0.487,31-12-2040,03:04:24,Wed Feb 15 23:32:00 2017
413,413,54,48508,492,1,0,0,411027,14928.52847,9.51,1,0.198,31-03-2041,04:04:24,Thu Feb 16 00:05:00 2017
414,414,52,91243,316,2,0,3,411026,36104.91785,8.25,1,0.212,30-06-2041,05:04:24,Fri Feb 17 01:56:00 2017
415,415,62,84631,167,4,0,1,411200,32649.87509,7.86,1,0.582,30-09-2041,06:04:24,Sat Feb 18 02:32:00 2017
416,416,22,61333,261,0,1,2,422101,15900.23433,13.94,1,0.831,31-12-2041,07:04:24,Sun Feb 19 03:58:00 2017
417,417,28,67792,271,2,0,1,422100,27337.38355,12.39,1,0.473,31-03-2042,08:04:24,Mon Feb 20 04:43:00 2017
418,418,32,79302,187,1,1,2,422001,11351.36329,7.08,1,0.307,30-06-2042,09:04:24,Tue Feb 21 05:26:00 2017
419,419,31,84177,387,3,0,0,422010,47070.90579,10.85,1,0.528,30-09-2042,10:04:24,Wed Feb 22 06:34:00 2017
420,420,30,74236,73,1,0,3,422001,12520.89902,7.54,1,0.44,31-12-2042,11:04:24,Thu Feb 23 07:43:00 2017
421,421,38,57060,484,2,0,1,411007,20370.4307,8.52,0,0.574,31-03-2043,12:04:24,Fri Feb 24 08:05:00 2018
422,422,38,56229,368,4,1,2,411005,28754.53805,9.05,1,0.686,30-06-2043,13:04:24,Sat Feb 25 09:10:00 2018
423,423,51,62593,238,1,0,1,411003,46303.82443,11.74,0,0.441,30-09-2043,14:04:24,Sun Feb 26 10:50:00 2018
424,424,49,37462,249,2,1,2,411002,24269.51126,8.93,0,0.522,31-12-2043,15:04:24,Mon Feb 27 11:15:00 2018
425,425,29,90390,112,4,0,0,411001,48878.55987,8.82,0,0.798,31-03-2044,16:04:24,Tue Feb 28 12:25:00 2018
426,426,36,53098,298,0,0,3,411008,45645.09956,15.0,0,0.422,30-06-2044,17:04:24,Wed Mar 01 13:42:00 2018
427,427,61,48304,406,2,0,1,411020,46236.4465,13.51,0,0.739,30-09-2044,18:04:24,Thu Mar 02 14:54:00 2018
428,428,44,80598,55,1,1,2,411027,42951.81619,14.42,1,0.996,31-12-2044,19:04:24,Fri Mar 03 15:10:00 2018
429,429,61,39773,110,3,0,1,411026,31636.55749,13.41,0,0.422,31-03-2045,20:04:24,Sat Mar 04 16:30:00 2018
430,430,29,87804,439,1,1,2,411007,17084.49862,8.5,0,0.274,30-06-2045,21:04:24,Sun Mar 05 17:24:00 2018
431,431,65,93646,256,2,0,0,411005,21645.52468,7.96,0,0.523,30-09-2045,22:04:24,Mon Mar 06 18:10:00 2019
432,432,35,52961,337,4,0,3,411003,11515.37257,10.01,0,0.168,31-12-2045,23:04:24,Tue Mar 07 19:31:00 2019
433,433,37,88308,227,0,0,1,411002,12907.70977,13.57,1,0.926,31-03-2046,00:04:24,Wed Mar 08 17:41:00 2019
434,434,52,69529,128,2,1,2,411001,29203.13428,7.25,0,0.825,30-06-2046,01:04:24,Thu Mar 09 18:27:00 2019
435,435,62,68042,431,1,0,1,411008,19862.13949,14.86,1,0.117,30-09-2046,02:04:24,Fri Mar 10 19:11:00 2019
436,436,45,56285,154,3,1,2,411020,33068.52052,9.75,1,0.682,31-12-2046,03:04:24,Sat Mar 11 20:31:00 2019
437,437,50,95682,138,1,0,0,411027,43694.97591,9.53,0,0.186,31-03-2047,04:04:24,Sun Mar 12 21:44:00 2019
438,438,63,64766,214,2,0,3,411026,31884.6985,14.18,0,0.492,30-06-2047,05:04:24,Mon Mar 13 22:24:00 2019
439,439,28,66130,258,4,0,1,411200,49478.44291,7.54,0,0.857,30-09-2047,06:04:24,Tue Mar 14 23:32:00 2019
440,440,27,89913,242,0,1,2,422101,37977.05881,7.29,0,0.847,31-12-2047,07:04:24,Wed Mar 15 00:05:00 2019
441,441,52,95284,196,2,0,1,422100,22094.61706,7.2,1,0.637,31-03-2048,08:04:24,Thu Mar 16 01:56:00 2020
442,442,30,63754,249,1,1,2,422001,39419.90601,11.14,1,0.524,30-06-2048,09:04:24,Fri Mar 17 02:32:00 2020
443,443,23,55802,170,3,0,0,422010,34478.68468,7.38,1,0.756,30-09-2048,10:04:24,Sat Mar 18 03:58:00 2020
444,444,61,96303,96,1,0,3,422001,28706.72888,8.71,0,0.565,31-12-2048,11:04:24,Sun Mar 19 04:43:00 2020
445,445,58,52104,248,2,0,1,411007,14569.77501,14.19,0,0.265,31-03-2049,12:04:24,Mon Mar 20 05:26:00 2020
446,446,58,90295,77,4,0,2,411005,28686.8407,7.03,0,0.372,30-06-2049,13:04:24,Tue Mar 21 06:34:00 2020
447,447,47,95983,162,1,0,1,411003,24013.06704,14.45,0,0.493,30-09-2049,12:04:24,Wed Mar 22 07:43:00 2020
448,448,48,60700,284,2,1,1,411002,17846.09851,11.11,1,0.262,31-12-2049,13:04:24,Thu Mar 23 08:05:00 2020
449,449,58,45573,406,0,0,1,411001,27346.34089,13.29,0,0.934,31-03-2050,14:04:24,Fri Mar 24 09:10:00 2020
450,450,60,33080,310,2,1,2,411008,41922.23796,10.95,0,0.746,30-06-2050,15:04:24,Sat Mar 25 10:50:00 2020
451,451,29,30280,294,1,0,0,411020,30726.98361,14.13,0,0.556,30-09-2050,16:04:24,Sun Mar 26 11:15:00 2021
452,452,33,72364,104,3,0,3,411027,46923.93815,11.04,0,0.184,31-12-2050,17:04:24,Mon Mar 27 12:25:00 2021
453,453,30,61498,500,1,0,1,411026,46010.04932,8.71,0,0.174,31-03-2051,18:04:24,Tue Mar 28 13:42:00 2021
454,454,22,78818,468,2,1,2,411007,36684.99643,14.57,0,0.165,30-06-2051,19:04:24,Wed Mar 29 14:54:00 2021
455,455,44,97805,60,4,0,1,411005,14937.08676,14.19,0,0.964,30-09-2051,20:04:24,Thu Mar 30 15:10:00 2021
456,456,54,71875,60,0,1,2,411003,13775.46551,13.72,1,0.665,31-12-2051,21:04:24,Fri Mar 31 16:30:00 2021
457,457,59,73445,55,2,0,0,411002,43599.88503,9.22,1,0.901,31-03-2052,22:04:24,Sat Apr 01 17:24:00 2021
458,458,65,34225,438,1,0,3,411001,32066.93681,10.1,0,0.341,30-06-2052,23:04:24,Sun Apr 02 18:10:00 2021
459,459,62,52721,460,3,0,1,411008,29014.37136,12.23,0,0.817,30-09-2052,00:04:24,Mon Apr 03 19:31:00 2021
460,460,61,60613,473,1,1,2,411020,21707.22656,9.47,1,0.238,31-12-2052,01:04:24,Tue Apr 04 17:41:00 2021
461,461,45,96859,337,2,0,1,411027,31027.65688,12.72,1,0.357,31-03-2053,02:04:24,Wed Apr 05 18:27:00 2022
462,462,55,79811,213,4,1,2,411026,38404.72183,13.36,0,0.113,30-06-2053,03:04:24,Thu Apr 06 19:11:00 2022
463,463,37,95999,50,0,0,0,411200,49671.9353,11.75,1,0.738,30-09-2053,04:04:24,Fri Apr 07 20:31:00 2022
464,464,47,37776,253,2,0,3,422101,17333.51938,14.08,1,0.21,31-12-2053,05:04:24,Sat Apr 08 21:44:00 2022
465,465,59,98282,262,1,0,1,422100,14583.20523,7.06,0,0.489,31-03-2054,06:04:24,Sun Apr 09 22:24:00 2022
466,466,47,78752,426,3,1,2,422001,43598.6153,12.03,1,0.362,30-06-2054,07:04:24,Mon Apr 10 23:32:00 2022
467,467,22,82966,358,1,0,1,422010,21094.79857,13.5,0,0.729,30-09-2054,08:04:24,Tue Apr 11 00:05:00 2022
468,468,23,79738,194,2,1,2,422001,46053.14264,10.12,0,0.483,31-12-2054,09:04:24,Wed Apr 12 01:56:00 2022
469,469,52,91314,113,4,0,0,411007,20618.10584,13.46,1,0.773,31-03-2055,10:04:24,Thu Apr 13 02:32:00 2022
470,470,44,53506,72,1,0,3,411005,33465.92811,11.02,0,0.871,30-06-2055,11:04:24,Fri Apr 14 03:58:00 2022
471,471,57,92184,97,2,0,1,411003,45618.6621,12.66,1,0.624,30-09-2055,12:04:24,Sat Apr 15 04:43:00 2023
472,472,43,35274,453,4,1,2,411002,15580.42018,11.19,0,0.507,31-12-2055,13:04:24,Sun Apr 16 05:26:00 2023
473,473,31,51462,74,0,0,1,411001,45285.18162,10.45,1,0.331,31-03-2056,14:04:24,Mon Apr 17 06:34:00 2023
474,474,65,80330,296,2,1,2,411008,46675.42939,9.32,1,0.779,30-06-2056,15:04:24,Tue Apr 18 07:43:00 2023
475,475,38,69323,278,1,0,0,411020,28495.80789,13.51,0,0.681,30-09-2056,16:04:24,Wed Apr 19 08:05:00 2023
476,476,64,79642,453,3,0,3,411027,36883.55096,14.35,1,0.101,31-12-2056,17:04:24,Thu Apr 20 09:10:00 2023
477,477,24,57962,266,1,0,1,411026,40915.73189,14.92,1,0.51,31-03-2057,18:04:24,Fri Apr 21 10:50:00 2023
478,478,26,76892,162,2,1,2,411007,45098.44996,12.38,1,0.503,30-06-2057,19:04:24,Sat Apr 22 11:15:00 2023
479,479,25,43094,446,4,0,1,411005,13952.76807,10.11,1,0.705,30-09-2057,20:04:24,Sun Apr 23 12:25:00 2023
480,480,52,91476,143,0,1,2,411003,45774.21044,12.87,1,0.834,31-12-2057,21:04:24,Mon Apr 24 13:42:00 2023
481,481,46,56551,341,2,0,0,411002,23957.18948,7.99,1,0.195,31-03-2058,22:04:24,Tue Apr 25 14:54:00 2024
482,482,47,96842,134,1,0,3,411001,30354.85334,7.28,0,0.399,30-06-2058,23:04:24,Wed Apr 26 15:10:00 2024
483,483,43,42429,352,3,0,1,411008,37898.18277,11.93,1,0.864,30-09-2058,00:04:24,Thu Apr 27 16:30:00 2024
484,484,30,82071,485,1,1,2,411020,28114.67615,10.6,0,0.95,31-12-2058,01:04:24,Fri Apr 28 17:24:00 2024
485,485,30,36584,440,2,0,1,411027,39632.1722,13.56,0,0.17,31-03-2059,02:04:24,Sat Apr 29 18:10:00 2024
486,486,40,50957,166,4,1,2,411026,31384.67975,11.86,1,0.105,30-06-2059,03:04:24,Sun Apr 30 19:31:00 2024
487,487,34,83601,167,0,0,0,411200,28126.71567,9.53,1,0.636,30-09-2059,04:04:24,Mon May 01 17:41:00 2024
488,488,61,48332,396,2,0,3,422101,47245.65852,14.97,0,0.116,31-12-2059,05:04:24,Tue May 02 18:27:00 2024
489,489,35,85658,110,1,0,1,422100,35783.59425,8.0,0,0.892,31-03-2060,06:04:24,Wed May 03 19:11:00 2024
490,490,54,98799,425,3,1,2,422001,20241.38246,10.43,0,0.559,30-06-2060,07:04:24,Thu May 04 20:31:00 2024
491,491,32,97091,124,1,0,1,422010,29708.44268,12.16,0,0.214,30-09-2060,08:04:24,Fri May 05 21:44:00 2025
492,492,24,47653,173,2,1,2,422001,20159.88586,7.66,0,0.276,31-12-2060,09:04:24,Sat May 06 22:24:00 2025
493,493,44,64060,152,4,0,0,411007,31488.47315,10.25,0,0.541,31-03-2061,10:04:24,Sun May 07 23:32:00 2025
494,494,37,91211,390,1,0,3,411005,19028.95824,14.25,1,0.933,30-06-2061,12:04:24,Mon May 08 00:05:00 2025
495,495,40,53410,336,2,0,1,411003,47666.66691,14.74,0,0.481,30-09-2061,13:04:24,Tue May 09 01:56:00 2025
496,496,33,78567,283,4,0,2,411002,25801.05838,10.93,0,0.816,31-12-2061,14:04:24,Wed May 10 02:32:00 2025
497,497,50,98507,159,0,0,1,411001,16192.22414,12.24,0,0.207,31-03-2062,15:04:24,Thu May 11 03:58:00 2025
498,498,23,50975,331,2,1,1,411008,49002.13995,9.68,1,0.177,30-06-2062,16:04:24,Fri May 12 04:43:00 2025
499,499,36,98486,186,3,0,1,411020,43791.69343,11.26,0,0.248,30-09-2062,17:04:24,Sat May 13 05:26:00 2025
500,500,42,78000,345,3,0,2,411001,18067.5597,12.64,1,0.908,31-12-2062,18:04:24,Sun May 14 06:34:00 2025
